task_id,category,difficulty,final_status,failure_category,errors
DT001,Documents,easy,success,None,
DT002,Documents,easy,success,None,
DT003,Documents,medium,failure,F4 Planning error,
DT004,Documents,medium,success,None,
DT005,Documents,medium,success,None,
DT006,Documents,easy,success,None,
DT007,Documents,hard,failure,F4 Planning error,
DT008,Documents,medium,success,None,
DT009,Documents,hard,failure,F4 Planning error,
DT010,Documents,easy,success,None,
DT011,Spreadsheets,easy,success,None,
DT012,Spreadsheets,easy,success,None,
DT013,Spreadsheets,medium,success,None,
DT014,Spreadsheets,medium,failure,F8 Output generation failure,
DT015,Spreadsheets,medium,success,None,
DT016,Spreadsheets,easy,success,None,
DT017,Spreadsheets,hard,failure,F4 Planning error,
DT018,Spreadsheets,medium,partial,F2 Missing clarification,
DT019,Spreadsheets,hard,success,None,
DT020,Spreadsheets,easy,failure,F8 Output generation failure,
DT021,Presentations,easy,success,None,
DT022,Presentations,easy,partial,F14 Other,
DT023,Presentations,medium,failure,F4 Planning error,
DT024,Presentations,medium,success,None,
DT025,Presentations,medium,success,None,
DT026,Presentations,easy,success,None,
DT027,Presentations,hard,success,None,
DT028,Presentations,medium,success,None,
DT029,Presentations,hard,failure,F4 Planning error,
DT030,Presentations,easy,success,None,
DT031,FileOperations,easy,success,None,
DT032,FileOperations,easy,success,None,
DT033,FileOperations,medium,success,None,
DT034,FileOperations,medium,failure,F4 Planning error,
DT035,FileOperations,medium,partial,F2 Missing clarification,
DT036,FileOperations,easy,success,None,
DT037,FileOperations,medium,success,None,
DT038,FileOperations,hard,success,None,
DT039,FileOperations,medium,partial,F14 Other,
DT040,FileOperations,hard,success,None,
DT041,Workflows,hard,partial,F14 Other,
DT042,Workflows,hard,failure,F3 Unnecessary clarification,
DT043,Workflows,medium,failure,F14 Other,
DT044,Workflows,medium,failure,F14 Other,
DT045,Workflows,hard,partial,F14 Other,
DT046,Workflows,hard,failure,F4 Planning error,
DT047,Workflows,medium,failure,F4 Planning error,
DT048,Workflows,hard,partial,F14 Other,
DT049,Workflows,hard,partial,F14 Other,
DT050,Workflows,hard,failure,F14 Other,
